{
    "uid": 1337,
    "name": "Pancake",
    "signature": "I am pancake but TS",
    "avatarId": 16777426,
    "entityId": 16777432,
    "motionInfo": {
        "pos": {
            "X": 1705.0152587890625,
            "Y": 210.002685546875,
            "Z": -2646.8212890625
        },
        "rot": {
            "Y": 38.38740158081055
        }
    }
}